INSERT INTO MODEL VALUES ('A380',5000,60000,600);
INSERT INTO MODEL VALUES ('B747',4000,50000,500);
INSERT INTO MODEL VALUES ('B777',3000,40000,400);
INSERT INTO MODEL VALUES ('A320',2000,30000,300);

INSERT INTO PASSENGER_PLANE VALUES ('HL7100',2013,'아시아나','A380');
INSERT INTO PASSENGER_PLANE VALUES ('HL7465',2010,'대한항공','B747');
INSERT INTO PASSENGER_PLANE VALUES ('HL8000',2000,'제주항공','B777');
INSERT INTO PASSENGER_PLANE VALUES ('HL8400',2007,'진에어','A320');

INSERT INTO SEAT VALUES ('A07','Economy','HL7100');
INSERT INTO SEAT VALUES ('B43','First','HL7465');
INSERT INTO SEAT VALUES ('D53','Business','HL8000');
INSERT INTO SEAT VALUES ('C60','Business','HL8400');

INSERT INTO MEMBER VALUES (1,'신종욱',25,5000,'M51793650');
INSERT INTO MEMBER VALUES (2,'허원철',26,6000,'M29806843');
INSERT INTO MEMBER VALUES (3,'정석현',24,9000,'M33207251');
INSERT INTO MEMBER VALUES (4,'허현우',25,20000,'M25645650');

INSERT INTO PAYMENT_INFORMATION VALUES (201712241324,'Credit',270000,'N');
INSERT INTO PAYMENT_INFORMATION VALUES (201712231243,'Deposit',480000,'Y');
INSERT INTO PAYMENT_INFORMATION VALUES (200711141630,'Credit',380000,'N');
INSERT INTO PAYMENT_INFORMATION VALUES (200710241130,'Credit',210000,'Y');

INSERT INTO AIRPORT VALUES ('RKSS','KOREA','GIMPO','김포국제공항');
INSERT INTO AIRPORT VALUES ('RKPK','KOREA','BUSAN','김해국제공항');
INSERT INTO AIRPORT VALUES ('RKSI','KOREA','INCHEON','인천국제공항');
INSERT INTO AIRPORT VALUES ('RKTN','KOREA','DAEGU','대구국제공항');

INSERT INTO SCHEDULE VALUES (12241227,to_date('201705250842','yyyymmddhh24mi'),to_date('201705251050', 'yyyymmddhh24mi'),'RKSS','RKTN');
INSERT INTO SCHEDULE VALUES (11231231,to_date('201705261222','yyyymmddhh24mi'),to_date('201705261430', 'yyyymmddhh24mi'),'RKPK','RKSS');
INSERT INTO SCHEDULE VALUES (49203452,to_date('201705271553','yyyymmddhh24mi'),to_date('201705271710', 'yyyymmddhh24mi'),'RKSI','RKPK');
INSERT INTO SCHEDULE VALUES (65302431,to_date('201705281120','yyyymmddhh24mi'),to_date('201705281305', 'yyyymmddhh24mi'),'RKTN','RKSI');

INSERT INTO FLIGHT VALUES (156234,12241227,'HL7100');
INSERT INTO FLIGHT VALUES (765432,11231231,'HL7465');
INSERT INTO FLIGHT VALUES (984562,49203452,'HL8000');
INSERT INTO FLIGHT VALUES (851465,65302431,'HL8400');

INSERT INTO TICKET VALUES (8745239081,156234,201712241324,1,'A07','HL7100');
INSERT INTO TICKET VALUES (7370248910,765432,201712231243,2,'B43','HL7465');
INSERT INTO TICKET VALUES (7290302039,984562,200711141630,3,'D53','HL8000');
INSERT INTO TICKET VALUES (2783921890,851465,200710241130,4,'C60','HL8400');

SELECT * FROM  AIRPORT; 
SELECT * FROM  FLIGHT;
SELECT * FROM  MEMBER; 
SELECT * FROM  MODEL; 
SELECT * FROM  PASSENGER_PLANE; 
SELECT * FROM  PAYMENT_INFORMATION; 
SELECT * FROM  SCHEDULE; 
SELECT * FROM  SEAT; 
SELECT * FROM  TICKET; 
